"date","val"
"9/1/2019","58.84"
"8/30/2019","59.19"
"8/29/2019","60.37"
"8/28/2019","59.84"
"8/27/2019","59.59"
"8/26/2019","58.26"
"8/25/2019","57.81"
"8/23/2019","58.94"
"8/22/2019","60.05"
"8/21/2019","60.38"
"8/20/2019","60.05"
"8/19/2019","59.74"
"8/18/2019","58.89"
"8/16/2019","58.64"
"8/15/2019","58.40"
"8/14/2019","58.99"
"8/13/2019","60.91"
"8/12/2019","58.37"
"8/11/2019","58.27"
"8/9/2019","58.42"
"8/8/2019","57.75"
"8/7/2019","56.23"
"8/6/2019","58.94"
"8/5/2019","59.81"
"8/4/2019","61.33"
"8/2/2019","61.17"
"8/1/2019","60.50"
"7/31/2019","65.05"
"7/30/2019","64.96"
"7/29/2019","63.74"
"7/28/2019","63.05"
"7/26/2019","63.27"
"7/25/2019","62.95"
"7/24/2019","63.13"
"7/23/2019","64.21"
"7/22/2019","63.30"
"7/21/2019","63.24"
"7/19/2019","62.65"
"7/18/2019","62.59"
"7/17/2019","63.60"
"7/16/2019","64.40"
"7/15/2019","66.19"
"7/14/2019","66.72"
"7/12/2019","67.00"
"7/11/2019","66.81"
"7/10/2019","66.72"
"7/9/2019","64.54"
"7/8/2019","63.89"
"7/7/2019","64.38"
"7/5/2019","64.44"
"7/4/2019","63.18"
"7/3/2019","63.86"
"7/2/2019","62.82"
"7/1/2019","65.22"
"6/30/2019","65.63"
"6/28/2019","64.55"
"6/27/2019","65.43"
"6/26/2019","65.53"
"6/25/2019","65.04"
"6/24/2019","64.78"
"6/23/2019","65.40"
"6/21/2019","65.35"
"6/20/2019","64.70"
"6/19/2019","62.27"
"6/18/2019","62.31"
"6/17/2019","60.93"
"6/16/2019","62.17"
"6/14/2019","62.04"
"6/13/2019","61.35"
"6/12/2019","59.78"
"6/11/2019","62.06"
"6/10/2019","62.32"
"6/9/2019","63.89"
"6/7/2019","63.24"
"6/6/2019","62.23"
"6/5/2019","60.50"
"6/4/2019","61.40"
"6/3/2019","60.90"
"6/2/2019","60.71"
"5/31/2019","61.76"
"5/30/2019","65.21"
"5/29/2019","68.17"
"5/28/2019","68.69"
"5/27/2019","68.68"
"5/26/2019","67.97"
"5/24/2019","69.26"
"5/23/2019","68.00"
"5/22/2019","70.91"
"5/21/2019","72.04"
"5/20/2019","72.06"
"5/19/2019","72.90"
"5/17/2019","72.17"
"5/16/2019","72.77"
"5/15/2019","71.95"
"5/14/2019","70.99"
"5/13/2019","69.95"
"5/12/2019","70.43"
"5/10/2019","70.86"
"5/9/2019","70.32"
"5/8/2019","70.32"
"5/7/2019","69.87"
"5/6/2019","70.98"
"5/5/2019","69.66"
"5/3/2019","70.78"
"5/2/2019","70.35"
"5/1/2019","72.05"
"4/30/2019","71.66"
"4/29/2019","71.42"
"4/28/2019","71.22"
"4/26/2019","71.13"
"4/25/2019","73.62"
"4/24/2019","74.55"
"4/23/2019","74.36"
"4/22/2019","74.25"
"4/21/2019","72.25"
"4/18/2019","72.01"
"4/17/2019","71.64"
"4/16/2019","71.86"
"4/15/2019","71.30"
"4/14/2019","71.35"
"4/12/2019","71.55"
"4/11/2019","70.98"
"4/10/2019","71.57"
"4/9/2019","70.83"
"4/8/2019","71.10"
"4/7/2019","70.68"
"4/5/2019","70.48"
"4/4/2019","69.31"
"4/3/2019","69.52"
"4/2/2019","69.57"
"4/1/2019","69.16"
"3/31/2019","67.84"
"3/29/2019","67.55"
"3/28/2019","67.31"
"3/27/2019","67.30"
"3/26/2019","67.44"
"3/25/2019","66.90"
"3/24/2019","66.88"
"3/22/2019","67.08"
"3/21/2019","67.74"
"3/20/2019","68.30"
"3/19/2019","67.71"
"3/18/2019","67.43"
"3/17/2019","67.16"
"3/15/2019","67.02"
"3/14/2019","67.18"
"3/13/2019","67.64"
"3/12/2019","66.82"
"3/11/2019","66.63"
"3/10/2019","65.80"
"3/8/2019","65.81"
"3/7/2019","66.09"
"3/6/2019","65.93"
"3/5/2019","65.57"
"3/4/2019","65.55"
"3/3/2019","65.22"
"3/1/2019","65.00"
"2/28/2019","66.28"
"2/27/2019","66.47"
"2/26/2019","65.79"
"2/25/2019","64.92"
"2/24/2019","67.26"
"2/22/2019","66.91"
"2/21/2019","66.94"
"2/20/2019","67.18"
"2/19/2019","66.44"
"2/18/2019","66.50"
"2/17/2019","66.53"
"2/15/2019","66.39"
"2/14/2019","64.56"
"2/13/2019","63.60"
"2/12/2019","62.61"
"2/11/2019","61.58"
"2/10/2019","61.92"
"2/8/2019","61.97"
"2/7/2019","61.68"
"2/6/2019","62.55"
"2/5/2019","62.11"
"2/4/2019","62.82"
"2/3/2019","62.75"
"2/1/2019","62.90"
"1/31/2019","61.22"
"1/30/2019","61.66"
"1/29/2019","61.16"
"1/28/2019","59.95"
"1/27/2019","61.16"
"1/25/2019","61.44"
"1/24/2019","61.19"
"1/23/2019","60.99"
"1/22/2019","61.61"
"1/21/2019","62.81"
"1/20/2019","62.31"
"1/18/2019","62.58"
"1/17/2019","61.15"
"1/16/2019","61.30"
"1/15/2019","60.53"
"1/14/2019","59.32"
"1/13/2019","60.74"
"1/11/2019","60.59"
"1/10/2019","61.18"
"1/9/2019","61.34"
"1/8/2019","58.59"
"1/7/2019","57.57"
"1/6/2019","57.78"
"1/4/2019","57.42"
"1/3/2019","55.55"
"1/2/2019","54.68"
"12/31/2018","54.15"
"12/30/2018","53.34"
"12/28/2018","52.80"
"12/27/2018","53.58"
"12/26/2018","55.18"
"12/24/2018","50.49"
"12/23/2018","53.64"
"12/21/2018","53.50"
"12/20/2018","54.70"
"12/19/2018","56.55"
"12/18/2018","56.08"
"12/17/2018","58.66"
"12/16/2018","60.30"
"12/14/2018","60.25"
"12/13/2018","61.71"
"12/12/2018","60.18"
"12/11/2018","60.46"
"12/10/2018","59.81"
"12/9/2018","61.80"
"12/7/2018","61.40"
"12/6/2018","60.31"
"12/5/2018","61.61"
"12/4/2018","61.31"
"12/3/2018","61.90"
"12/2/2018","60.79"
"11/30/2018","59.07"
"11/29/2018","59.70"
"11/28/2018","58.96"
"11/27/2018","61.04"
"11/26/2018","60.55"
"11/25/2018","59.39"
"11/23/2018","59.19"
"11/22/2018","62.52"
"11/21/2018","63.46"
"11/20/2018","62.44"
"11/19/2018","67.01"
"11/18/2018","67.32"
"11/16/2018","67.10"
"11/15/2018","66.63"
"11/14/2018","65.86"
"11/13/2018","65.35"
"11/12/2018","68.97"
"11/11/2018","71.01"
"11/9/2018","69.88"
"11/8/2018","70.96"
"11/7/2018","72.00"
"11/6/2018","71.65"
"11/5/2018","72.71"
"11/4/2018","72.69"
"11/2/2018","72.62"
"11/1/2018","72.75"
"10/31/2018","74.59"
"10/30/2018","76.18"
"10/29/2018","76.87"
"10/28/2018","77.74"
"10/26/2018","77.82"
"10/25/2018","76.70"
"10/24/2018","75.68"
"10/23/2018","76.24"
"10/22/2018","79.98"
"10/21/2018","79.67"
"10/19/2018","80.02"
"10/18/2018","79.35"
"10/17/2018","80.36"
"10/16/2018","81.56"
"10/15/2018","80.76"
"10/14/2018","81.67"
"10/12/2018","80.60"
"10/11/2018","80.36"
"10/10/2018","82.65"
"10/9/2018","84.86"
"10/8/2018","83.76"
"10/7/2018","83.47"
"10/5/2018","84.11"
"10/4/2018","84.88"
"10/3/2018","86.10"
"10/2/2018","84.64"
"10/1/2018","84.95"
"9/30/2018","82.98"
"9/28/2018","82.95"
"9/27/2018","81.30"
"9/26/2018","81.18"
"9/25/2018","80.89"
"9/24/2018","81.39"
"9/23/2018","79.71"
"9/21/2018","78.77"
"9/20/2018","78.71"
"9/19/2018","79.34"
"9/18/2018","78.90"
"9/17/2018","78.00"
"9/16/2018","77.99"
"9/14/2018","78.10"
"9/13/2018","78.43"
"9/12/2018","79.75"
"9/11/2018","79.50"
"9/10/2018","77.36"
"9/9/2018","77.25"
"9/7/2018","77.10"
"9/6/2018","76.63"
"9/5/2018","77.12"
"9/4/2018","77.86"
"9/3/2018","78.01"
"9/2/2018","77.78"
"8/31/2018","77.71"
"8/30/2018","77.75"
"8/29/2018","77.69"
"8/28/2018","76.27"
"8/27/2018","76.56"
"8/26/2018","75.99"
"8/24/2018","75.43"
"8/23/2018","74.71"
"8/22/2018","74.92"
"8/21/2018","72.82"
"8/20/2018","72.10"
"8/19/2018","71.75"
"8/17/2018","71.86"
"8/16/2018","71.43"
"8/15/2018","70.81"
"8/14/2018","72.16"
"8/13/2018","72.83"
"8/12/2018","73.00"
"8/10/2018","72.96"
"8/9/2018","72.03"
"8/8/2018","72.23"
"8/7/2018","74.46"
"8/6/2018","73.67"
"8/5/2018","73.20"
"8/3/2018","73.42"
"8/2/2018","73.39"
"8/1/2018","72.62"
"7/31/2018","74.19"
"7/30/2018","75.35"
"7/29/2018","74.83"
"7/27/2018","74.92"
"7/26/2018","75.06"
"7/25/2018","74.84"
"7/24/2018","73.75"
"7/23/2018","72.93"
"7/22/2018","73.15"
"7/20/2018","73.00"
"7/19/2018","72.62"
"7/18/2018","73.06"
"7/17/2018","71.60"
"7/16/2018","71.87"
"7/15/2018","75.13"
"7/13/2018","74.92"
"7/12/2018","74.53"
"7/11/2018","74.17"
"7/10/2018","78.86"
"7/9/2018","78.18"
"7/8/2018","77.22"
"7/6/2018","77.29"
"7/5/2018","77.54"
"7/4/2018","78.16"
"7/3/2018","77.88"
"7/2/2018","77.49"
"7/1/2018","78.69"
"6/29/2018","79.12"
"6/28/2018","77.55"
"6/27/2018","77.13"
"6/26/2018","76.48"
"6/25/2018","74.57"
"6/24/2018","74.17"
"6/22/2018","75.53"
"6/21/2018","73.40"
"6/20/2018","74.30"
"6/19/2018","75.07"
"6/18/2018","75.46"
"6/17/2018","73.04"
"6/15/2018","73.00"
"6/14/2018","75.90"
"6/13/2018","76.56"
"6/12/2018","75.43"
"6/11/2018","76.36"
"6/10/2018","76.32"
"6/8/2018","76.34"
"6/7/2018","77.44"
"6/6/2018","75.86"
"6/5/2018","74.96"
"6/4/2018","75.37"
"6/3/2018","76.55"
"6/1/2018","76.71"
"5/31/2018","77.61"
"5/30/2018","77.86"
"5/29/2018","75.54"
"5/28/2018","75.34"
"5/27/2018","76.05"
"5/25/2018","76.45"
"5/24/2018","78.82"
"5/23/2018","79.71"
"5/22/2018","79.45"
"5/21/2018","79.41"
"5/20/2018","78.90"
"5/18/2018","78.71"
"5/17/2018","79.57"
"5/16/2018","79.33"
"5/15/2018","78.13"
"5/14/2018","78.52"
"5/13/2018","77.06"
"5/11/2018","77.18"
"5/10/2018","77.53"
"5/9/2018","77.38"
"5/8/2018","75.95"
"5/7/2018","75.56"
"5/6/2018","75.00"
"5/4/2018","75.00"
"5/3/2018","73.68"
"5/2/2018","73.07"
"5/1/2018","73.38"
"4/30/2018","74.70"
"4/29/2018","73.71"
"4/27/2018","73.70"
"4/26/2018","73.90"
"4/25/2018","73.28"
"4/24/2018","73.86"
"4/23/2018","75.02"
"4/22/2018","74.00"
"4/20/2018","73.71"
"4/19/2018","73.60"
"4/18/2018","73.79"
"4/17/2018","71.70"
"4/16/2018","71.57"
"4/15/2018","72.27"
"4/13/2018","72.62"
"4/12/2018","72.20"
"4/11/2018","71.95"
"4/10/2018","71.04"
"4/9/2018","68.60"
"4/8/2018","67.23"
"4/6/2018","66.93"
"4/5/2018","68.50"
"4/4/2018","68.28"
"4/3/2018","68.18"
"4/2/2018","67.57"
"4/1/2018","69.51"
"3/29/2018","69.35"
"3/28/2018","69.00"
"3/27/2018","68.89"
"3/26/2018","69.52"
"3/25/2018","69.85"
"3/23/2018","70.36"
"3/22/2018","68.84"
"3/21/2018","69.82"
"3/20/2018","67.59"
"3/19/2018","66.10"
"3/18/2018","66.00"
"3/16/2018","65.99"
"3/15/2018","65.12"
"3/14/2018","64.89"
"3/13/2018","64.64"
"3/12/2018","64.95"
"3/11/2018","65.64"
"3/9/2018","65.49"
"3/8/2018","63.61"
"3/7/2018","64.34"
"3/6/2018","65.79"
"3/5/2018","65.54"
"3/4/2018","64.67"
"3/2/2018","64.37"
"3/1/2018","63.83"
"2/28/2018","64.73"
"2/27/2018","66.52"
"2/26/2018","67.29"
"2/25/2018","67.02"
"2/23/2018","67.31"
"2/22/2018","66.39"
"2/21/2018","65.42"
"2/20/2018","65.25"
"2/19/2018","65.67"
"2/18/2018","65.06"
"2/16/2018","64.84"
"2/15/2018","64.33"
"2/14/2018","64.36"
"2/13/2018","62.72"
"2/12/2018","62.59"
"2/11/2018","62.84"
"2/9/2018","62.79"
"2/8/2018","64.81"
"2/7/2018","65.51"
"2/6/2018","66.86"
"2/5/2018","67.62"
"2/4/2018","68.12"
"2/2/2018","68.58"
"2/1/2018","69.65"
"1/31/2018","68.89"
"1/30/2018","68.52"
"1/29/2018","69.20"
"1/28/2018","70.10"
"1/26/2018","70.15"
"1/25/2018","69.97"
"1/24/2018","70.53"
"1/23/2018","69.96"
"1/22/2018","69.03"
"1/21/2018","68.74"
"1/19/2018","68.61"
"1/18/2018","69.31"
"1/17/2018","69.38"
"1/16/2018","69.15"
"1/15/2018","70.26"
"1/14/2018","69.72"
"1/12/2018","69.87"
"1/11/2018","69.26"
"1/10/2018","69.20"
"1/9/2018","68.82"
"1/8/2018","67.78"
"1/7/2018","67.79"
"1/5/2018","67.62"
"1/4/2018","68.07"
"1/3/2018","67.84"
"1/2/2018","66.57"
"12/29/2017","66.87"
"12/28/2017","66.16"
"12/27/2017","65.99"
"12/26/2017","66.46"
"12/22/2017","65.25"
"12/21/2017","64.90"
"12/20/2017","64.56"
"12/19/2017","63.80"
"12/18/2017","63.41"
"12/17/2017","63.32"
"12/15/2017","63.23"
"12/14/2017","63.31"
"12/13/2017","62.44"
"12/12/2017","63.34"
"12/11/2017","64.69"
"12/10/2017","63.15"
"12/8/2017","63.40"
"12/7/2017","62.20"
"12/6/2017","61.22"
"12/5/2017","62.86"
"12/4/2017","62.45"
"12/3/2017","63.58"
"12/1/2017","63.73"
"11/30/2017","62.63"
"11/29/2017","62.53"
"11/28/2017","63.24"
"11/27/2017","63.38"
"11/26/2017","63.41"
"11/24/2017","63.86"
"11/23/2017","63.55"
"11/22/2017","63.32"
"11/21/2017","62.57"
"11/20/2017","62.22"
"11/19/2017","62.54"
"11/17/2017","62.72"
"11/16/2017","61.36"
"11/15/2017","61.87"
"11/14/2017","62.21"
"11/13/2017","63.16"
"11/12/2017","63.70"
"11/10/2017","63.52"
"11/9/2017","63.93"
"11/8/2017","63.49"
"11/7/2017","63.69"
"11/6/2017","64.27"
"11/5/2017","62.34"
"11/3/2017","62.07"
"11/2/2017","60.62"
"11/1/2017","60.49"
"10/31/2017","61.18"
"10/30/2017","60.53"
"10/29/2017","60.38"
"10/27/2017","60.21"
"10/26/2017","59.22"
"10/25/2017","58.24"
"10/24/2017","58.53"
"10/23/2017","57.33"
"10/22/2017","57.98"
"10/20/2017","57.94"
"10/19/2017","57.33"
"10/18/2017","58.20"
"10/17/2017","58.11"
"10/16/2017","57.92"
"10/15/2017","57.75"
"10/13/2017","57.20"
"10/12/2017","56.40"
"10/11/2017","56.67"
"10/10/2017","56.55"
"10/9/2017","55.77"
"10/8/2017","55.65"
"10/6/2017","55.68"
"10/5/2017","56.99"
"10/4/2017","55.74"
"10/3/2017","55.72"
"10/2/2017","56.07"
"10/1/2017","56.72"
"9/29/2017","56.53"
"9/28/2017","57.27"
"9/27/2017","57.32"
"9/26/2017","58.03"
"9/25/2017","58.52"
"9/24/2017","56.88"
"9/22/2017","56.90"
"9/21/2017","56.45"
"9/20/2017","56.18"
"9/19/2017","55.40"
"9/18/2017","55.44"
"9/17/2017","55.51"
"9/15/2017","55.48"
"9/14/2017","55.28"
"9/13/2017","55.08"
"9/12/2017","54.28"
"9/11/2017","53.93"
"9/10/2017","53.90"
"9/8/2017","53.75"
"9/7/2017","54.50"
"9/6/2017","54.17"
"9/5/2017","53.19"
"9/4/2017","52.20"
"9/3/2017","52.44"
"9/1/2017","52.69"
"8/31/2017","52.77"
"8/30/2017","50.67"
"8/29/2017","51.60"
"8/28/2017","51.61"
"8/27/2017","52.35"
"8/25/2017","51.91"
"8/24/2017","52.13"
"8/23/2017","52.52"
"8/22/2017","51.67"
"8/21/2017","51.70"
"8/20/2017","52.80"
"8/18/2017","52.86"
"8/17/2017","50.80"
"8/16/2017","50.40"
"8/15/2017","51.00"
"8/14/2017","50.62"
"8/13/2017","52.05"
"8/11/2017","52.05"
"8/10/2017","51.82"
"8/9/2017","52.82"
"8/8/2017","51.99"
"8/7/2017","52.30"
"8/6/2017","52.42"
"8/4/2017","52.46"
"8/3/2017","51.93"
"8/2/2017","52.29"
"8/1/2017","51.47"
"7/31/2017","52.68"
"7/30/2017","52.43"
"7/28/2017","52.32"
"7/27/2017","51.63"
"7/26/2017","51.01"
"7/25/2017","50.84"
"7/24/2017","48.71"
"7/23/2017","48.03"
"7/21/2017","47.96"
"7/20/2017","49.28"
"7/19/2017","49.57"
"7/18/2017","48.70"
"7/17/2017","48.37"
"7/16/2017","49.03"
"7/14/2017","49.09"
"7/13/2017","48.37"
"7/12/2017","47.71"
"7/11/2017","48.10"
"7/10/2017","46.99"
"7/9/2017","46.88"
"7/7/2017","46.90"
"7/6/2017","47.97"
"7/5/2017","48.34"
"7/4/2017","49.68"
"7/3/2017","49.60"
"7/2/2017","48.92"
"6/30/2017","48.94"
"6/29/2017","47.50"
"6/28/2017","47.66"
"6/27/2017","46.46"
"6/26/2017","46.14"
"6/25/2017","45.98"
"6/23/2017","45.61"
"6/22/2017","45.29"
"6/21/2017","44.78"
"6/20/2017","45.84"
"6/19/2017","46.81"
"6/18/2017","47.25"
"6/16/2017","47.27"
"6/15/2017","46.79"
"6/14/2017","46.90"
"6/13/2017","48.23"
"6/12/2017","48.27"
"6/11/2017","48.33"
"6/9/2017","48.30"
"6/8/2017","47.87"
"6/7/2017","48.20"
"6/6/2017","49.97"
"6/5/2017","49.48"
"6/4/2017","49.95"
"6/2/2017","49.95"
"6/1/2017","50.40"
"5/31/2017","50.98"
"5/30/2017","52.19"
"5/29/2017","52.56"
"5/28/2017","52.62"
"5/26/2017","52.58"
"5/25/2017","51.64"
"5/24/2017","53.86"
"5/23/2017","54.16"
"5/22/2017","53.74"
"5/21/2017","54.01"
"5/19/2017","53.80"
"5/18/2017","52.50"
"5/17/2017","52.09"
"5/16/2017","51.23"
"5/15/2017","51.80"
"5/14/2017","50.76"
"5/12/2017","50.91"
"5/11/2017","50.77"
"5/10/2017","50.28"
"5/9/2017","48.99"
"5/8/2017","49.45"
"5/7/2017","49.45"
"5/5/2017","49.47"
"5/4/2017","48.35"
"5/3/2017","50.62"
"5/2/2017","51.13"
"5/1/2017","51.46"
"4/30/2017","51.85"
"4/28/2017","51.89"
"4/27/2017","52.07"
"4/26/2017","52.07"
"4/25/2017","52.42"
"4/24/2017","51.61"
"4/23/2017","52.20"
"4/21/2017","52.05"
"4/20/2017","52.99"
"4/19/2017","53.08"
"4/18/2017","54.82"
"4/17/2017","55.48"
"4/16/2017","55.67"
"4/13/2017","55.64"
"4/12/2017","55.62"
"4/11/2017","56.29"
"4/10/2017","56.00"
"4/9/2017","55.42"
"4/7/2017","55.26"
"4/6/2017","54.90"
"4/5/2017","54.01"
"4/4/2017","54.26"
"4/3/2017","53.10"
"4/2/2017","53.48"
"3/31/2017","53.62"
"3/30/2017","53.07"
"3/29/2017","52.55"
"3/28/2017","51.42"
"3/27/2017","50.94"
"3/26/2017","51.12"
"3/24/2017","50.97"
"3/23/2017","50.51"
"3/22/2017","50.68"
"3/21/2017","50.85"
"3/20/2017","51.72"
"3/19/2017","51.68"
"3/17/2017","51.67"
"3/16/2017","51.74"
"3/15/2017","52.00"
"3/14/2017","51.84"
"3/13/2017","51.33"
"3/12/2017","50.99"
"3/10/2017","51.27"
"3/9/2017","52.38"
"3/8/2017","53.16"
"3/7/2017","55.60"
"3/6/2017","55.94"
"3/5/2017","55.91"
"3/3/2017","55.71"
"3/2/2017","55.03"
"3/1/2017","56.28"
"2/28/2017","56.45"
"2/27/2017","56.43"
"2/26/2017","56.35"
"2/24/2017","56.04"
"2/23/2017","56.47"
"2/22/2017","56.19"
"2/21/2017","56.67"
"2/20/2017","56.15"
"2/19/2017","55.78"
"2/17/2017","55.72"
"2/16/2017","55.81"
"2/15/2017","55.69"
"2/14/2017","55.80"
"2/13/2017","55.66"
"2/12/2017","56.70"
"2/10/2017","56.61"
"2/9/2017","55.74"
"2/8/2017","55.16"
"2/7/2017","54.66"
"2/6/2017","55.89"
"2/5/2017","56.91"
"2/3/2017","56.72"
"2/2/2017","56.74"
"2/1/2017","56.59"
"1/31/2017","55.49"
"1/30/2017","55.32"
"1/29/2017","55.43"
"1/27/2017","55.65"
"1/26/2017","56.45"
"1/25/2017","55.65"
"1/24/2017","55.16"
"1/23/2017","55.37"
"1/22/2017","55.60"
"1/20/2017","55.49"
"1/19/2017","54.21"
"1/18/2017","54.25"
"1/17/2017","55.47"
"1/16/2017","55.68"
"1/13/2017","55.59"
"1/12/2017","56.11"
"1/11/2017","55.33"
"1/10/2017","53.63"
"1/9/2017","54.82"
"1/8/2017","56.97"
"1/6/2017","56.75"
"1/5/2017","56.90"
"1/4/2017","56.47"
"1/3/2017","55.56"
"1/2/2017","56.82"
"12/30/2016","56.75"
"12/29/2016","56.95"
"12/28/2016","56.63"
"12/27/2016","56.95"
"12/23/2016","55.08"
"12/22/2016","54.90"
"12/21/2016","54.53"
"12/20/2016","55.54"
"12/19/2016","55.07"
"12/18/2016","55.30"
"12/16/2016","55.33"
"12/15/2016","54.23"
"12/14/2016","53.72"
"12/13/2016","55.23"
"12/12/2016","55.45"
"12/9/2016","54.36"
"12/8/2016","53.98"
"12/7/2016","53.02"
"12/6/2016","53.89"
"12/5/2016","54.19"
"12/4/2016","54.09"
"12/2/2016","54.49"
"12/1/2016","53.70"
"11/30/2016","51.52"
"11/29/2016","47.26"
"11/28/2016","48.99"
"11/25/2016","47.12"
"11/24/2016","48.86"
"11/23/2016","49.93"
"11/22/2016","50.12"
"11/21/2016","50.10"
"11/18/2016","48.01"
"11/17/2016","47.18"
"11/16/2016","47.30"
"11/15/2016","47.93"
"11/14/2016","45.75"
"11/11/2016","45.64"
"11/10/2016","46.80"
"11/9/2016","46.50"
"11/8/2016","45.82"
"11/7/2016","46.33"
"11/4/2016","45.60"
"11/3/2016","46.28"
"11/2/2016","47.08"
"11/1/2016","47.90"
"10/31/2016","48.51"
"10/28/2016","50.57"
"10/27/2016","51.43"
"10/26/2016","51.07"
"10/25/2016","51.29"
"10/24/2016","52.38"
"10/21/2016","52.78"
"10/20/2016","52.30"
"10/19/2016","53.29"
"10/18/2016","52.91"
"10/17/2016","52.37"
"10/14/2016","52.67"
"10/13/2016","52.64"
"10/12/2016","52.34"
"10/11/2016","53.18"
"10/10/2016","53.52"
"10/7/2016","51.69"
"10/6/2016","52.59"
"10/5/2016","51.61"
"10/4/2016","51.31"
"10/3/2016","50.80"
"9/30/2016","49.41"
"9/29/2016","49.16"
"9/28/2016","46.73"
"9/27/2016","47.80"
"9/26/2016","46.80"
"9/23/2016","47.24"
"9/22/2016","47.29"
"9/21/2016","46.45"
"9/20/2016","45.79"
"9/19/2016","46.52"
"9/16/2016","46.24"
"9/15/2016","46.11"
"9/14/2016","47.27"
"9/13/2016","47.95"
"9/12/2016","47.34"
"9/9/2016","49.50"
"9/8/2016","48.66"
"9/7/2016","47.61"
"9/6/2016","47.73"
"9/5/2016","46.67"
"9/2/2016","45.79"
"9/1/2016","47.16"
"8/31/2016","48.67"
"8/30/2016","49.56"
"8/29/2016","49.54"
"8/26/2016","49.82"
"8/25/2016","49.12"
"8/24/2016","49.45"
"8/23/2016","48.66"
"8/22/2016","50.12"
"8/19/2016","51.10"
"8/18/2016","49.69"
"8/17/2016","48.77"
"8/16/2016","48.06"
"8/15/2016","47.26"
"8/12/2016","46.49"
"8/11/2016","43.83"
"8/10/2016","45.01"
"8/9/2016","44.97"
"8/8/2016","44.44"
"8/5/2016","43.89"
"8/4/2016","43.29"
"8/3/2016","41.88"
"8/2/2016","42.29"
"8/1/2016","43.71"
"7/29/2016","43.16"
"7/28/2016","44.01"
"7/27/2016","45.17"
"7/26/2016","45.27"
"7/25/2016","45.70"
"7/22/2016","46.28"
"7/21/2016","47.38"
"7/20/2016","46.77"
"7/19/2016","46.83"
"7/18/2016","47.86"
"7/15/2016","47.07"
"7/14/2016","46.78"
"7/13/2016","47.89"
"7/12/2016","46.25"
"7/11/2016","46.53"
"7/8/2016","46.86"
"7/7/2016","49.05"
"7/6/2016","47.92"
"7/5/2016","49.56"
"7/4/2016","50.41"
"7/1/2016","50.02"
"6/30/2016","50.73"
"6/29/2016","49.44"
"6/28/2016","47.94"
"6/27/2016","48.95"
"6/24/2016","47.71"
"6/23/2016","50.12"
"6/22/2016","50.91"
"6/21/2016","50.38"
"6/20/2016","49.57"
"6/17/2016","47.76"
"6/16/2016","48.61"
"6/15/2016","49.12"
"6/14/2016","49.89"
"6/13/2016","50.03"
"6/10/2016","51.54"
"6/9/2016","52.71"
"6/8/2016","51.52"
"6/7/2016","50.46"
"6/6/2016","50.05"
"6/3/2016","50.03"
"6/2/2016","49.82"
"6/1/2016","49.51"
"5/31/2016","50.24"
"5/30/2016","49.70"
"5/27/2016","49.76"
"5/26/2016","50.08"
"5/25/2016","49.17"
"5/24/2016","48.14"
"5/23/2016","48.55"
"5/20/2016","49.28"
"5/19/2016","48.10"
"5/18/2016","49.39"
"5/17/2016","49.26"
"5/16/2016","48.46"
"5/13/2016","47.81"
"5/12/2016","47.54"
"5/11/2016","45.32"
"5/10/2016","43.79"
"5/9/2016","45.97"
"5/6/2016","44.53"
"5/5/2016","45.26"
"5/4/2016","44.96"
"5/3/2016","46.23"
"5/2/2016","46.84"
"4/29/2016","47.77"
"4/28/2016","46.73"
"4/27/2016","46.01"
"4/26/2016","44.72"
"4/25/2016","45.40"
"4/22/2016","45.17"
"4/21/2016","45.81"
"4/20/2016","42.95"
"4/19/2016","42.74"
"4/18/2016","41.34"
"4/15/2016","43.91"
"4/14/2016","43.62"
"4/13/2016","44.38"
"4/12/2016","42.69"
"4/11/2016","42.09"
"4/8/2016","40.12"
"4/7/2016","40.21"
"4/6/2016","38.59"
"4/5/2016","37.52"
"4/4/2016","38.32"
"4/1/2016","39.85"
"3/31/2016","39.61"
"3/30/2016","40.07"
"3/29/2016","40.57"
"3/28/2016","41.36"
"3/24/2016","40.46"
"3/23/2016","41.36"
"3/22/2016","41.67"
"3/21/2016","40.91"
"3/18/2016","41.50"
"3/17/2016","40.66"
"3/16/2016","39.07"
"3/15/2016","39.21"
"3/14/2016","40.47"
"3/11/2016","40.78"
"3/10/2016","40.89"
"3/9/2016","39.80"
"3/8/2016","40.35"
"3/7/2016","39.42"
"3/4/2016","37.27"
"3/3/2016","37.04"
"3/2/2016","36.64"
"3/1/2016","36.55"
"2/29/2016","35.82"
"2/26/2016","35.12"
"2/25/2016","34.27"
"2/24/2016","32.84"
"2/23/2016","34.05"
"2/22/2016","33.52"
"2/19/2016","34.05"
"2/18/2016","35.11"
"2/17/2016","32.49"
"2/16/2016","34.71"
"2/15/2016","33.18"
"2/12/2016","31.67"
"2/11/2016","30.69"
"2/10/2016","31.09"
"2/9/2016","32.92"
"2/8/2016","34.41"
"2/5/2016","34.36"
"2/4/2016","35.25"
"2/3/2016","32.54"
"2/2/2016","33.57"
"2/1/2016","35.37"
"1/29/2016","34.42"
"1/28/2016","32.93"
"1/27/2016","31.66"
"1/26/2016","29.80"
"1/22/2016","29.75"
"1/21/2016","27.85"
"1/20/2016","28.23"
"1/19/2016","29.00"
"1/18/2016","28.62"
"1/15/2016","30.53"
"1/14/2016","30.01"
"1/13/2016","31.12"
"1/12/2016","31.14"
"1/11/2016","32.74"
"1/8/2016","34.38"
"1/7/2016","33.43"
"1/6/2016","36.44"
"1/5/2016","37.48"
"1/4/2016","38.18"
"12/31/2015","36.56"
"12/30/2015","37.36"
"12/29/2015","36.66"
"12/28/2015","37.75"
"12/24/2015","37.56"
"12/23/2015","36.47"
"12/22/2015","36.59"
"12/21/2015","36.22"
"12/18/2015","37.14"
"12/17/2015","37.13"
"12/16/2015","38.53"
"12/15/2015","38.00"
"12/14/2015","38.13"
"12/11/2015","39.45"
"12/10/2015","40.45"
"12/9/2015","40.84"
"12/8/2015","40.96"
"12/7/2015","42.72"
"12/4/2015","44.15"
"12/3/2015","42.97"
"12/2/2015","44.24"
"12/1/2015","44.78"
"11/30/2015","44.75"
"11/27/2015","45.38"
"11/26/2015","46.11"
"11/25/2015","46.23"
"11/24/2015","44.96"
"11/23/2015","44.21"
"11/20/2015","44.31"
"11/19/2015","44.50"
"11/18/2015","43.90"
"11/17/2015","44.66"
"11/16/2015","44.98"
"11/13/2015","45.23"
"11/12/2015","46.88"
"11/11/2015","47.23"
"11/10/2015","47.34"
"11/9/2015","47.85"
"11/6/2015","48.26"
"11/5/2015","48.72"
"11/4/2015","50.32"
"11/3/2015","48.84"
"11/2/2015","49.56"
"10/30/2015","48.67"
"10/29/2015","48.77"
"10/28/2015","46.83"
"10/27/2015","47.25"
"10/26/2015","48.13"
"10/23/2015","48.37"
"10/22/2015","48.12"
"10/21/2015","48.52"
"10/20/2015","48.78"
"10/19/2015","50.18"
"10/16/2015","50.09"
"10/15/2015","49.79"
"10/14/2015","49.86"
"10/13/2015","50.61"
"10/12/2015","53.26"
"10/9/2015","53.99"
"10/8/2015","51.48"
"10/7/2015","52.43"
"10/6/2015","49.41"
"10/5/2015","48.35"
"10/2/2015","48.02"
"10/1/2015","48.75"
"9/30/2015","47.92"
"9/29/2015","47.36"
"9/28/2015","48.23"
"9/25/2015","48.39"
"9/24/2015","47.97"
"9/23/2015","48.75"
"9/22/2015","48.43"
"9/21/2015","47.89"
"9/18/2015","49.11"
"9/17/2015","49.85"
"9/16/2015","47.82"
"9/15/2015","47.44"
"9/14/2015","48.83"
"9/11/2015","49.81"
"9/10/2015","47.13"
"9/9/2015","49.84"
"9/8/2015","47.85"
"9/7/2015","49.17"
"9/4/2015","50.13"
"9/3/2015","50.28"
"9/2/2015","48.57"
"9/1/2015","52.63"
"8/31/2015","49.21"
"8/28/2015","47.94"
"8/27/2015","44.08"
"8/26/2015","43.57"
"8/25/2015","43.33"
"8/24/2015","44.37"
"8/21/2015","46.04"
"8/20/2015","46.95"
"8/19/2015","48.55"
"8/18/2015","48.57"
"8/17/2015","48.60"
"8/14/2015","49.57"
"8/13/2015","50.36"
"8/12/2015","49.53"
"8/11/2015","50.13"
"8/10/2015","49.04"
"8/7/2015","49.74"
"8/6/2015","49.74"
"8/5/2015","50.34"
"8/4/2015","49.69"
"8/3/2015","51.83"
"7/31/2015","53.02"
"7/30/2015","53.59"
"7/29/2015","53.09"
"7/28/2015","53.19"
"7/27/2015","54.55"
"7/24/2015","55.41"
"7/23/2015","56.11"
"7/22/2015","56.57"
"7/21/2015","56.59"
"7/20/2015","56.86"
"7/17/2015","57.07"
"7/16/2015","57.47"
"7/15/2015","58.90"
"7/14/2015","57.62"
"7/13/2015","57.82"
"7/10/2015","59.42"
"7/9/2015","58.18"
"7/8/2015","57.05"
"7/7/2015","57.69"
"7/6/2015","60.07"
"7/3/2015","62.42"
"7/2/2015","62.20"
"7/1/2015","63.02"
"6/30/2015","62.05"
"6/29/2015","62.45"
"6/26/2015","63.51"
"6/25/2015","63.51"
"6/24/2015","64.47"
"6/23/2015","63.17"
"6/22/2015","63.05"
"6/19/2015","64.22"
"6/18/2015","63.69"
"6/17/2015","63.74"
"6/16/2015","64.23"
"6/15/2015","64.38"
"6/12/2015","65.51"
"6/11/2015","66.25"
"6/10/2015","65.97"
"6/9/2015","63.43"
"6/8/2015","63.55"
"6/5/2015","62.82"
"6/4/2015","64.47"
"6/3/2015","65.81"
"6/2/2015","64.74"
"6/1/2015","65.16"
"5/29/2015","63.04"
"5/28/2015","62.52"
"5/27/2015","63.95"
"5/26/2015","65.57"
"5/25/2015","65.31"
"5/22/2015","66.39"
"5/21/2015","65.20"
"5/20/2015","64.66"
"5/18/2015","66.99"
"5/15/2015","66.65"
"5/14/2015","67.11"
"5/13/2015","67.82"
"5/12/2015","65.52"
"5/11/2015","66.12"
"5/8/2015","66.10"
"5/7/2015","67.39"
"5/6/2015","68.98"
"5/5/2015","67.06"
"5/4/2015","67.15"
"5/1/2015","66.76"
"4/30/2015","65.49"
"4/29/2015","64.49"
"4/28/2015","64.05"
"4/27/2015","65.20"
"4/24/2015","64.55"
"4/23/2015","62.83"
"4/22/2015","61.64"
"4/21/2015","63.34"
"4/20/2015","64.18"
"4/17/2015","63.43"
"4/16/2015","63.94"
"4/15/2015","62.71"
"4/14/2015","60.17"
"4/13/2015","59.05"
"4/12/2015","58.89"
"4/10/2015","59.10"
"4/9/2015","57.92"
"4/8/2015","57.29"
"4/7/2015","59.66"
"4/6/2015","59.01"
"4/5/2015","56.47"
"4/2/2015","56.23"
"4/1/2015","56.67"
"3/31/2015","55.10"
"3/30/2015","56.56"
"3/29/2015","55.94"
"3/27/2015","56.12"
"3/26/2015","58.86"
"3/25/2015","56.38"
"3/24/2015","55.31"
"3/23/2015","55.89"
"3/22/2015","54.70"
"3/20/2015","55.22"
"3/19/2015","54.46"
"3/18/2015","56.27"
"3/17/2015","53.30"
"3/16/2015","54.15"
"3/15/2015","53.99"
"3/13/2015","54.89"
"3/12/2015","57.18"
"3/11/2015","58.22"
"3/10/2015","56.91"
"3/9/2015","59.11"
"3/8/2015","59.75"
"3/6/2015","60.26"
"3/5/2015","61.13"
"3/4/2015","61.12"
"3/3/2015","61.75"
"3/2/2015","60.67"
"3/1/2015","62.89"
"2/27/2015","62.48"
"2/26/2015","60.52"
"2/25/2015","61.91"
"2/24/2015","58.75"
"2/23/2015","59.00"
"2/22/2015","59.89"
"2/20/2015","60.10"
"2/19/2015","60.21"
"2/18/2015","59.46"
"2/17/2015","62.29"
"2/16/2015","61.60"
"2/15/2015","62.03"
"2/13/2015","61.41"
"2/12/2015","59.24"
"2/11/2015","56.30"
"2/10/2015","57.97"
"2/9/2015","58.83"
"2/8/2015","58.60"
"2/6/2015","59.09"
"2/5/2015","57.87"
"2/4/2015","55.47"
"2/3/2015","58.02"
"2/2/2015","54.85"
"2/1/2015","52.10"
"1/30/2015","52.95"
"1/29/2015","49.05"
"1/28/2015","48.65"
"1/27/2015","49.26"
"1/26/2015","48.11"
"1/25/2015","47.97"
"1/23/2015","48.55"
"1/22/2015","49.00"
"1/21/2015","48.75"
"1/20/2015","48.17"
"1/19/2015","48.85"
"1/18/2015","49.91"
"1/16/2015","49.90"
"1/15/2015","48.36"
"1/14/2015","48.61"
"1/13/2015","46.79"
"1/12/2015","47.20"
"1/11/2015","49.38"
"1/9/2015","49.95"
"1/8/2015","51.05"
"1/7/2015","51.02"
"1/6/2015","50.90"
"1/5/2015","53.15"
"1/4/2015","55.80"
"1/2/2015","56.51"
"12/31/2014","57.54"
"12/30/2014","57.51"
"12/29/2014","57.98"
"12/28/2014","59.87"
"12/26/2014","59.52"
"12/24/2014","60.15"
"12/23/2014","61.55"
"12/22/2014","60.13"
"12/21/2014","61.55"
"12/19/2014","62.15"
"12/18/2014","59.81"
"12/17/2014","60.64"
"12/16/2014","59.80"
"12/15/2014","60.52"
"12/14/2014","61.05"
"12/12/2014","61.92"
"12/11/2014","63.55"
"12/10/2014","64.56"
"12/9/2014","66.79"
"12/8/2014","66.52"
"12/7/2014","68.23"
"12/5/2014","69.05"
"12/4/2014","69.89"
"12/3/2014","70.50"
"12/2/2014","71.49"
"12/1/2014","73.31"
"11/30/2014","68.34"
"11/28/2014","70.02"
"11/27/2014","72.82"
"11/26/2014","77.53"
"11/25/2014","78.17"
"11/24/2014","79.40"
"11/21/2014","80.36"
"11/20/2014","79.79"
"11/19/2014","78.05"
"11/18/2014","78.41"
"11/17/2014","79.08"
"11/16/2014","79.39"
"11/14/2014","79.60"
"11/13/2014","77.73"
"11/12/2014","80.67"
"11/11/2014","82.00"
"11/10/2014","82.50"
"11/9/2014","84.21"
"11/7/2014","83.60"
"11/6/2014","83.31"
"11/5/2014","83.89"
"11/4/2014","83.30"
"11/3/2014","84.71"
"11/2/2014","86.31"
"10/31/2014","85.96"
"10/30/2014","86.10"
"10/29/2014","86.76"
"10/28/2014","86.23"
"10/27/2014","85.43"
"10/24/2014","86.25"
"10/23/2014","86.70"
"10/22/2014","84.68"
"10/21/2014","86.43"
"10/20/2014","85.34"
"10/19/2014","86.63"
"10/17/2014","86.10"
"10/16/2014","86.76"
"10/15/2014","83.75"
"10/14/2014","86.00"
"10/13/2014","88.61"
"10/12/2014","89.14"
"10/10/2014","90.27"
"10/9/2014","89.23"
"10/8/2014","92.14"
"10/7/2014","92.20"
"10/6/2014","93.35"
"10/5/2014","92.45"
"10/3/2014","92.82"
"10/2/2014","94.32"
"10/1/2014","94.90"
"9/30/2014","94.80"
"9/29/2014","97.07"
"9/28/2014","96.71"
"9/26/2014","96.90"
"9/25/2014","97.05"
"9/24/2014","97.09"
"9/23/2014","96.94"
"9/22/2014","96.85"
"9/21/2014","98.16"
"9/19/2014","98.38"
"9/18/2014","97.62"
"9/17/2014","98.72"
"9/16/2014","99.00"
"9/15/2014","98.00"
"9/14/2014","97.63"
"9/12/2014","97.80"
"9/11/2014","98.95"
"9/10/2014","98.75"
"9/9/2014","100.00"
"9/8/2014","100.89"
"9/7/2014","101.41"
"9/5/2014","101.53"
"9/4/2014","102.30"
"9/3/2014","102.91"
"9/2/2014","101.24"
"9/1/2014","103.10"
"8/31/2014","103.11"
"8/29/2014","103.04"
"8/28/2014","102.47"
"8/27/2014","102.60"
"8/26/2014","102.58"
"8/25/2014","102.66"
"8/24/2014","101.86"
"8/22/2014","102.10"
"8/21/2014","102.69"
"8/20/2014","102.29"
"8/19/2014","101.60"
"8/18/2014","101.79"
"8/17/2014","102.98"
"8/15/2014","103.40"
"8/14/2014","102.08"
"8/13/2014","104.68"
"8/12/2014","103.80"
"8/11/2014","105.09"
"8/10/2014","105.60"
"8/8/2014","105.31"
"8/7/2014","106.37"
"8/6/2014","105.27"
"8/5/2014","105.59"
"8/4/2014","106.17"
"8/3/2014","105.40"
"8/1/2014","105.33"
"7/31/2014","105.52"
"7/30/2014","106.03"
"7/29/2014","107.50"
"7/28/2014","107.50"
"7/27/2014","108.22"
"7/25/2014","108.13"
"7/24/2014","107.13"
"7/23/2014","108.18"
"7/22/2014","106.89"
"7/21/2014","107.68"
"7/20/2014","106.97"
"7/18/2014","107.14"
"7/17/2014","108.45"
"7/16/2014","107.08"
"7/15/2014","106.75"
"7/14/2014","107.60"
"7/13/2014","107.31"
"7/11/2014","107.26"
"7/10/2014","108.85"
"7/9/2014","108.32"
"7/8/2014","109.01"
"7/7/2014","109.85"
"7/6/2014","110.46"
"7/4/2014","110.49"
"7/3/2014","110.89"
"7/2/2014","111.00"
"7/1/2014","111.85"
"6/30/2014","112.40"
"6/29/2014","113.04"
"6/27/2014","113.18"
"6/26/2014","113.02"
"6/25/2014","114.22"
"6/24/2014","114.13"
"6/23/2014","113.97"
"6/22/2014","115.10"
"6/20/2014","114.68"
"6/19/2014","114.92"
"6/18/2014","114.14"
"6/17/2014","113.31"
"6/16/2014","112.83"
"6/15/2014","113.09"
"6/13/2014","112.40"
"6/12/2014","112.54"
"6/11/2014","109.51"
"6/10/2014","108.98"
"6/9/2014","109.10"
"6/8/2014","107.80"
"6/6/2014","108.01"
"6/5/2014","108.19"
"6/4/2014","107.43"
"6/3/2014","108.18"
"6/2/2014","108.17"
"6/1/2014","108.76"
"5/30/2014","109.49"
"5/29/2014","110.07"
"5/28/2014","110.06"
"5/27/2014","110.19"
"5/26/2014","110.39"
"5/25/2014","110.44"
"5/23/2014","110.44"
"5/22/2014","110.39"
"5/21/2014","110.54"
"5/20/2014","109.84"
"5/19/2014","109.36"
"5/15/2014","109.02"
"5/14/2014","109.20"
"5/13/2014","108.65"
"5/12/2014","107.77"
"5/11/2014","107.45"
"5/9/2014","107.36"
"5/8/2014","107.49"
"5/7/2014","107.53"
"5/6/2014","107.22"
"5/5/2014","106.98"
"5/2/2014","108.33"
"5/1/2014","107.07"
"4/30/2014","108.14"
"4/29/2014","108.91"
"4/28/2014","108.12"
"4/27/2014","109.73"
"4/25/2014","109.39"
"4/24/2014","110.41"
"4/23/2014","109.14"
"4/22/2014","109.37"
"4/21/2014","109.96"
"4/20/2014","109.72"
"4/17/2014","109.76"
"4/16/2014","109.71"
"4/15/2014","109.18"
"4/14/2014","108.96"
"4/13/2014","107.85"
"4/11/2014","107.15"
"4/10/2014","107.39"
"4/9/2014","107.90"
"4/8/2014","107.48"
"4/7/2014","105.98"
"4/6/2014","106.10"
"4/4/2014","106.57"
"4/3/2014","106.14"
"4/2/2014","104.70"
"4/1/2014","105.31"
"3/31/2014","107.70"
"3/30/2014","107.92"
"3/28/2014","107.97"
"3/27/2014","107.69"
"3/26/2014","107.00"
"3/25/2014","106.93"
"3/24/2014","106.59"
"3/23/2014","106.81"
"3/21/2014","107.20"
"3/20/2014","106.23"
"3/19/2014","105.84"
"3/18/2014","106.65"
"3/17/2014","106.40"
"3/16/2014","108.32"
"3/14/2014","108.50"
"3/13/2014","106.99"
"3/12/2014","107.60"
"3/11/2014","107.77"
"3/10/2014","107.38"
"3/9/2014","108.12"
"3/7/2014","108.23"
"3/6/2014","107.80"
"3/5/2014","107.29"
"3/4/2014","108.62"
"3/3/2014","110.78"
"3/2/2014","110.49"
"2/28/2014","108.65"
"2/27/2014","108.77"
"2/26/2014","109.51"
"2/25/2014","109.59"
"2/24/2014","110.71"
"2/23/2014","110.13"
"2/21/2014","109.84"
"2/20/2014","110.49"
"2/19/2014","110.42"
"2/18/2014","110.63"
"2/17/2014","109.10"
"2/16/2014","109.38"
"2/14/2014","109.05"
"2/13/2014","108.58"
"2/12/2014","108.27"
"2/11/2014","108.20"
"2/10/2014","107.78"
"2/9/2014","108.95"
"2/7/2014","108.83"
"2/6/2014","106.75"
"2/5/2014","105.56"
"2/4/2014","105.41"
"2/3/2014","105.27"
"2/2/2014","105.55"
"1/31/2014","105.79"
"1/30/2014","107.70"
"1/29/2014","107.75"
"1/28/2014","107.41"
"1/27/2014","106.94"
"1/26/2014","107.95"
"1/24/2014","107.89"
"1/23/2014","107.58"
"1/22/2014","108.08"
"1/21/2014","106.80"
"1/20/2014","106.20"
"1/19/2014","106.40"
"1/17/2014","106.32"
"1/16/2014","105.48"
"1/15/2014","105.97"
"1/14/2014","105.25"
"1/13/2014","105.59"
"1/12/2014","106.92"
"1/10/2014","106.83"
"1/9/2014","106.00"
"1/8/2014","106.83"
"1/7/2014","107.01"
"1/6/2014","106.67"
"1/3/2014","106.65"
"1/2/2014","107.65"
"12/31/2013","110.90"
"12/30/2013","111.20"
"12/29/2013","112.28"
"12/27/2013","112.14"
"12/24/2013","112.00"
"12/23/2013","111.57"
"12/22/2013","111.73"
"12/20/2013","111.84"
"12/19/2013","110.06"
"12/18/2013","109.28"
"12/17/2013","108.21"
"12/16/2013","109.04"
"12/15/2013","108.99"
"12/13/2013","108.30"
"12/12/2013","108.34"
"12/11/2013","109.32"
"12/10/2013","109.25"
"12/9/2013","108.93"
"12/8/2013","111.20"
"12/6/2013","111.36"
"12/5/2013","110.76"
"12/4/2013","111.17"
"12/3/2013","112.24"
"12/2/2013","111.01"
"12/1/2013","109.55"
"11/29/2013","110.11"
"11/28/2013","110.95"
"11/27/2013","111.59"
"11/26/2013","111.04"
"11/25/2013","111.05"
"11/24/2013","108.77"
"11/22/2013","110.49"
"11/21/2013","110.15"
"11/20/2013","107.92"
"11/19/2013","107.07"
"11/18/2013","108.30"
"11/17/2013","108.35"
"11/15/2013","108.50"
"11/14/2013","108.40"
"11/13/2013","106.92"
"11/12/2013","105.82"
"11/11/2013","106.34"
"11/10/2013","105.44"
"11/8/2013","105.04"
"11/7/2013","103.55"
"11/6/2013","104.99"
"11/5/2013","105.65"
"11/4/2013","105.94"
"11/3/2013","105.80"
"11/1/2013","106.05"
"10/31/2013","108.90"
"10/30/2013","109.77"
"10/29/2013","108.81"
"10/28/2013","109.42"
"10/27/2013","106.93"
"10/25/2013","107.06"
"10/24/2013","106.99"
"10/23/2013","107.65"
"10/22/2013","110.06"
"10/21/2013","109.77"
"10/20/2013","109.94"
"10/18/2013","109.94"
"10/17/2013","109.00"
"10/16/2013","110.49"
"10/15/2013","109.00"
"10/14/2013","110.18"
"10/13/2013","110.02"
"10/11/2013","110.29"
"10/10/2013","110.87"
"10/9/2013","108.25"
"10/8/2013","109.42"
"10/7/2013","108.74"
"10/6/2013","108.31"
"10/4/2013","108.46"
"10/3/2013","107.69"
"10/2/2013","108.03"
"10/1/2013","106.92"
"9/30/2013","108.20"
"9/29/2013","107.93"
"9/27/2013","108.43"
"9/26/2013","109.22"
"9/25/2013","108.06"
"9/24/2013","108.77"
"9/23/2013","108.00"
"9/22/2013","109.00"
"9/20/2013","109.35"
"9/19/2013","108.82"
"9/18/2013","110.74"
"9/17/2013","107.75"
"9/16/2013","109.82"
"9/15/2013","110.71"
"9/13/2013","111.79"
"9/12/2013","111.89"
"9/11/2013","110.29"
"9/10/2013","109.96"
"9/9/2013","111.77"
"9/8/2013","113.99"
"9/6/2013","114.10"
"9/5/2013","113.70"
"9/4/2013","113.23"
"9/3/2013","113.70"
"9/2/2013","112.44"
"9/1/2013","110.90"
"8/30/2013","114.45"
"8/29/2013","114.44"
"8/28/2013","116.33"
"8/27/2013","115.29"
"8/26/2013","110.93"
"8/25/2013","111.09"
"8/23/2013","111.05"
"8/21/2013","109.73"
"8/20/2013","110.15"
"8/19/2013","109.59"
"8/18/2013","110.27"
"8/16/2013","110.42"
"8/15/2013","109.32"
"8/14/2013","108.96"
"8/13/2013","108.10"
"8/12/2013","107.86"
"8/11/2013","106.80"
"8/9/2013","106.87"
"8/8/2013","105.50"
"8/7/2013","106.08"
"8/6/2013","107.19"
"8/5/2013","107.71"
"8/4/2013","108.05"
"8/2/2013","108.07"
"8/1/2013","108.51"
"7/31/2013","107.70"
"7/30/2013","106.84"
"7/29/2013","107.51"
"7/28/2013","107.34"
"7/26/2013","107.19"
"7/25/2013","107.65"
"7/24/2013","107.05"
"7/23/2013","108.41"
"7/22/2013","108.16"
"7/21/2013","108.45"
"7/19/2013","108.30"
"7/18/2013","108.83"
"7/17/2013","108.74"
"7/16/2013","107.93"
"7/15/2013","108.08"
"7/14/2013","107.94"
"7/12/2013","108.20"
"7/11/2013","106.64"
"7/10/2013","107.34"
"7/9/2013","107.35"
"7/8/2013","106.49"
"7/7/2013","107.23"
"7/5/2013","107.06"
"7/4/2013","104.84"
"7/2/2013","103.41"
"7/1/2013","102.52"
"6/30/2013","101.50"
"6/28/2013","101.99"
"6/27/2013","102.65"
"6/26/2013","101.80"
"6/25/2013","101.17"
"6/24/2013","101.07"
"6/23/2013","100.63"
"6/21/2013","101.09"
"6/20/2013","102.06"
"6/19/2013","105.87"
"6/18/2013","106.10"
"6/17/2013","105.62"
"6/16/2013","105.86"
"6/14/2013","105.84"
"6/13/2013","104.95"
"6/12/2013","103.49"
"6/11/2013","102.64"
"6/10/2013","103.74"
"6/9/2013","104.54"
"6/7/2013","104.48"
"6/6/2013","103.19"
"6/5/2013","102.63"
"6/4/2013","103.18"
"6/3/2013","101.90"
"6/2/2013","99.72"
"5/31/2013","100.15"
"5/30/2013","102.24"
"5/29/2013","102.18"
"5/28/2013","104.35"
"5/27/2013","102.50"
"5/26/2013","102.16"
"5/24/2013","102.78"
"5/23/2013","102.66"
"5/22/2013","102.32"
"5/21/2013","103.63"
"5/20/2013","104.79"
"5/19/2013","104.60"
"5/17/2013","104.72"
"5/16/2013","103.84"
"5/15/2013","103.65"
"5/14/2013","102.53"
"5/13/2013","102.64"
"5/12/2013","103.37"
"5/10/2013","103.38"
"5/9/2013","104.10"
"5/8/2013","104.02"
"5/7/2013","103.75"
"5/6/2013","104.99"
"5/5/2013","104.70"
"5/3/2013","103.71"
"5/2/2013","102.33"
"5/1/2013","99.37"
"4/30/2013","101.74"
"4/29/2013","103.76"
"4/28/2013","102.75"
"4/26/2013","102.85"
"4/25/2013","103.11"
"4/24/2013","101.82"
"4/23/2013","100.50"
"4/22/2013","100.37"
"4/21/2013","99.47"
"4/19/2013","99.53"
"4/18/2013","99.60"
"4/17/2013","97.40"
"4/16/2013","100.10"
"4/15/2013","99.31"
"4/14/2013","102.87"
"4/12/2013","102.85"
"4/11/2013","104.41"
"4/10/2013","105.65"
"4/9/2013","106.15"
"4/8/2013","104.90"
"4/7/2013","104.46"
"4/5/2013","104.38"
"4/4/2013","106.27"
"4/3/2013","106.89"
"4/2/2013","110.34"
"4/1/2013","110.76"
"3/31/2013","109.89"
"3/28/2013","109.77"
"3/27/2013","109.84"
"3/26/2013","109.40"
"3/25/2013","108.18"
"3/24/2013","107.80"
"3/22/2013","107.50"
"3/21/2013","107.20"
"3/20/2013","108.58"
"3/19/2013","107.46"
"3/18/2013","109.40"
"3/17/2013","108.90"
"3/15/2013","110.05"
"3/14/2013","109.34"
"3/13/2013","108.18"
"3/12/2013","109.13"
"3/11/2013","109.48"
"3/8/2013","110.25"
"3/7/2013","110.07"
"3/6/2013","109.98"
"3/5/2013","110.94"
"3/4/2013","109.02"
"3/1/2013","109.59"
"2/28/2013","111.00"
"2/27/2013","112.00"
"2/26/2013","112.99"
"2/25/2013","113.34"
"2/22/2013","114.30"
"2/21/2013","113.65"
"2/20/2013","115.10"
"2/19/2013","117.20"
"2/18/2013","117.40"
"2/15/2013","117.97"
"2/14/2013","118.04"
"2/13/2013","118.00"
"2/12/2013","117.80"
"2/11/2013","117.20"
"2/8/2013","117.81"
"2/7/2013","115.97"
"2/5/2013","114.27"
"2/4/2013","115.56"
"2/1/2013","114.68"
"1/30/2013","114.95"
"1/29/2013","114.20"
"1/28/2013","113.40"
"1/25/2013","113.40"
"1/24/2013","113.36"
"1/23/2013","112.79"
"1/22/2013","112.46"
"1/21/2013","111.76"
"1/20/2013","111.79"
"1/18/2013","111.67"
"1/17/2013","110.92"
"1/16/2013","109.91"
"1/15/2013","109.62"
"1/14/2013","111.14"
"1/13/2013","109.82"
"1/11/2013","109.84"
"1/10/2013","110.99"
"1/9/2013","110.81"
"1/8/2013","111.14"
"1/7/2013","110.59"
"1/6/2013","110.22"
"1/4/2013","110.15"
"1/3/2013","110.56"
"1/2/2013","111.40"
"12/31/2012","111.11"
"12/30/2012","110.35"
"12/28/2012","110.35"
"12/27/2012","110.92"
"12/26/2012","110.71"
"12/24/2012","108.80"
"12/23/2012","109.02"
"12/21/2012","109.15"
"12/20/2012","110.25"
"12/19/2012","110.05"
"12/18/2012","108.94"
"12/17/2012","107.89"
"12/16/2012","108.27"
"12/14/2012","108.40"
"12/13/2012","106.53"
"12/12/2012","108.01"
"12/11/2012","106.80"
"12/10/2012","106.22"
"12/9/2012","106.42"
"12/7/2012","106.30"
"12/6/2012","106.25"
"12/5/2012","107.97"
"12/4/2012","108.87"
"12/3/2012","109.90"
"12/2/2012","110.35"
"11/30/2012","111.17"
"11/29/2012","110.40"
"11/28/2012","109.69"
"11/27/2012","110.00"
"11/26/2012","110.75"
"11/25/2012","111.35"
"11/23/2012","111.39"
"11/22/2012","110.35"
"11/21/2012","111.03"
"11/20/2012","110.46"
"11/19/2012","111.59"
"11/18/2012","109.50"
"11/16/2012","109.02"
"11/15/2012","107.69"
"11/14/2012","108.75"
"11/13/2012","107.30"
"11/12/2012","107.82"
"11/11/2012","108.30"
"11/9/2012","108.79"
"11/8/2012","106.18"
"11/7/2012","106.05"
"11/6/2012","110.13"
"11/5/2012","106.97"
"11/4/2012","104.70"
"11/2/2012","104.88"
"11/1/2012","107.50"
"10/31/2012","108.40"
"10/30/2012","109.05"
"10/29/2012","109.33"
"10/28/2012","109.19"
"10/26/2012","109.70"
"10/25/2012","108.50"
"10/24/2012","107.81"
"10/23/2012","108.30"
"10/22/2012","109.79"
"10/21/2012","109.77"
"10/19/2012","110.32"
"10/18/2012","112.44"
"10/17/2012","113.21"
"10/16/2012","113.72"
"10/15/2012","114.48"
"10/14/2012","113.12"
"10/12/2012","113.38"
"10/11/2012","114.77"
"10/10/2012","113.28"
"10/9/2012","113.35"
"10/8/2012","111.22"
"10/7/2012","111.02"
"10/5/2012","111.13"
"10/4/2012","111.36"
"10/3/2012","107.34"
"10/2/2012","110.55"
"10/1/2012","111.40"
"9/30/2012","112.14"
"9/28/2012","112.22"
"9/27/2012","112.41"
"9/26/2012","110.10"
"9/25/2012","109.87"
"9/24/2012","109.88"
"9/23/2012","111.31"
"9/21/2012","111.42"
"9/20/2012","110.61"
"9/19/2012","108.35"
"9/18/2012","111.65"
"9/17/2012","113.50"
"9/16/2012","116.75"
"9/14/2012","116.92"
"9/13/2012","115.72"
"9/12/2012","115.23"
"9/11/2012","114.40"
"9/10/2012","114.29"
"9/9/2012","113.90"
"9/7/2012","113.82"
"9/6/2012","112.17"
"9/5/2012","113.40"
"9/4/2012","113.60"
"9/3/2012","115.23"
"9/2/2012","114.13"
"8/31/2012","114.92"
"8/30/2012","112.80"
"8/29/2012","112.72"
"8/28/2012","112.35"
"8/27/2012","112.58"
"8/26/2012","114.18"
"8/24/2012","113.51"
"8/23/2012","114.37"
"8/22/2012","114.98"
"8/21/2012","114.90"
"8/20/2012","113.62"
"8/19/2012","114.05"
"8/17/2012","113.76"
"8/16/2012","114.30"
"8/15/2012","114.45"
"8/14/2012","112.15"
"8/13/2012","111.63"
"8/12/2012","111.45"
"8/10/2012","111.55"
"8/9/2012","111.79"
"8/8/2012","110.39"
"8/7/2012","110.02"
"8/6/2012","108.16"
"8/5/2012","107.00"
"8/3/2012","107.22"
"8/2/2012","104.48"
"8/1/2012","104.49"
"7/31/2012","104.62"
"7/30/2012","105.97"
"7/29/2012","106.52"
"7/27/2012","106.65"
"7/26/2012","105.31"
"7/25/2012","104.66"
"7/24/2012","103.07"
"7/23/2012","103.18"
"7/22/2012","106.42"
"7/20/2012","106.74"
"7/19/2012","107.59"
"7/18/2012","105.48"
"7/17/2012","103.67"
"7/16/2012","103.08"
"7/15/2012","101.78"
"7/13/2012","101.66"
"7/12/2012","99.80"
"7/11/2012","100.07"
"7/10/2012","97.53"
"7/9/2012","99.87"
"7/8/2012","97.78"
"7/6/2012","97.39"
"7/5/2012","99.61"
"7/4/2012","99.51"
"7/3/2012","100.36"
"7/2/2012","97.15"
"7/1/2012","97.63"
"6/29/2012","97.57"
"6/28/2012","92.04"
"6/27/2012","93.79"
"6/26/2012","93.24"
"6/25/2012","91.41"
"6/24/2012","91.47"
"6/22/2012","91.33"
"6/21/2012","89.25"
"6/20/2012","92.55"
"6/19/2012","95.84"
"6/18/2012","95.69"
"6/17/2012","98.50"
"6/15/2012","97.31"
"6/14/2012","97.88"
"6/13/2012","96.59"
"6/12/2012","97.11"
"6/11/2012","96.20"
"6/10/2012","101.21"
"6/8/2012","99.45"
"6/7/2012","98.72"
"6/6/2012","100.46"
"6/5/2012","98.12"
"6/4/2012","98.58"
"6/3/2012","97.83"
"6/1/2012","98.33"
"5/31/2012","101.62"
"5/30/2012","103.25"
"5/29/2012","106.85"
"5/28/2012","107.26"
"5/27/2012","106.85"
"5/25/2012","106.90"
"5/24/2012","106.75"
"5/23/2012","106.16"
"5/22/2012","108.25"
"5/21/2012","109.30"
"5/20/2012","106.82"
"5/18/2012","107.31"
"5/17/2012","106.80"
"5/16/2012","109.39"
"5/15/2012","110.99"
"5/14/2012","110.35"
"5/13/2012","111.30"
"5/11/2012","111.69"
"5/10/2012","111.79"
"5/9/2012","112.26"
"5/8/2012","112.94"
"5/7/2012","113.04"
"5/6/2012","111.00"
"5/4/2012","113.09"
"5/3/2012","115.70"
"5/2/2012","118.00"
"5/1/2012","119.35"
"4/30/2012","119.47"
"4/29/2012","119.65"
"4/27/2012","119.75"
"4/26/2012","119.56"
"4/25/2012","119.15"
"4/24/2012","118.42"
"4/23/2012","118.75"
"4/22/2012","118.71"
"4/20/2012","118.85"
"4/19/2012","118.09"
"4/18/2012","118.15"
"4/17/2012","118.75"
"4/16/2012","118.36"
"4/15/2012","120.46"
"4/13/2012","121.48"
"4/12/2012","121.55"
"4/11/2012","119.88"
"4/10/2012","119.51"
"4/9/2012","122.10"
"4/8/2012","121.75"
"4/5/2012","122.72"
"4/4/2012","122.23"
"4/3/2012","124.45"
"4/2/2012","124.90"
"4/1/2012","122.75"
"3/30/2012","122.80"
"3/29/2012","122.55"
"3/28/2012","124.30"
"3/27/2012","125.26"
"3/26/2012","125.75"
"3/25/2012","125.00"
"3/23/2012","125.21"
"3/22/2012","123.38"
"3/21/2012","124.13"
"3/20/2012","124.07"
"3/19/2012","125.36"
"3/18/2012","125.96"
"3/16/2012","126.16"
"3/15/2012","122.78"
"3/14/2012","124.43"
"3/13/2012","125.59"
"3/12/2012","125.12"
"3/11/2012","125.06"
"3/9/2012","125.18"
"3/8/2012","125.48"
"3/7/2012","124.20"
"3/6/2012","122.32"
"3/5/2012","124.24"
"3/4/2012","123.55"
"3/2/2012","123.32"
"3/1/2012","125.86"
"2/29/2012","123.04"
"2/28/2012","121.70"
"2/27/2012","123.30"
"2/26/2012","125.28"
"2/24/2012","125.07"
"2/23/2012","124.20"
"2/22/2012","122.64"
"2/21/2012","121.45"
"2/20/2012","120.00"
"2/19/2012","120.74"
"2/17/2012","119.83"
"2/16/2012","120.05"
"2/15/2012","119.04"
"2/14/2012","117.54"
"2/13/2012","117.27"
"2/12/2012","117.40"
"2/10/2012","117.07"
"2/9/2012","118.18"
"2/8/2012","117.85"
"2/7/2012","116.01"
"2/6/2012","116.47"
"2/5/2012","114.91"
"2/3/2012","114.71"
"2/2/2012","112.48"
"2/1/2012","111.30"
"1/31/2012","111.16"
"1/30/2012","110.98"
"1/29/2012","111.53"
"1/27/2012","111.30"
"1/26/2012","111.10"
"1/25/2012","110.55"
"1/24/2012","110.33"
"1/23/2012","110.94"
"1/22/2012","109.54"
"1/20/2012","110.23"
"1/19/2012","111.42"
"1/18/2012","110.97"
"1/17/2012","111.57"
"1/16/2012","111.37"
"1/15/2012","110.64"
"1/13/2012","110.91"
"1/12/2012","110.97"
"1/11/2012","112.49"
"1/10/2012","113.08"
"1/9/2012","112.10"
"1/8/2012","113.56"
"1/6/2012","113.52"
"1/5/2012","112.26"
"1/4/2012","113.46"
"1/3/2012","112.07"
"12/30/2011","107.22"
"12/29/2011","108.00"
"12/28/2011","107.41"
"12/27/2011","108.96"
"12/23/2011","108.00"
"12/22/2011","107.62"
"12/21/2011","107.90"
"12/20/2011","107.00"
"12/19/2011","103.84"
"12/18/2011","103.10"
"12/16/2011","103.65"
"12/15/2011","103.44"
"12/14/2011","103.90"
"12/13/2011","109.07"
"12/12/2011","106.93"
"12/9/2011","108.88"
"12/8/2011","107.55"
"12/7/2011","109.50"
"12/6/2011","110.51"
"12/5/2011","109.35"
"12/4/2011","110.64"
"12/2/2011","110.30"
"12/1/2011","109.05"
"11/30/2011","110.37"
"11/29/2011","110.44"
"11/28/2011","108.68"
"11/27/2011","107.39"
"11/25/2011","106.64"
"11/24/2011","107.76"
"11/23/2011","106.94"
"11/22/2011","108.62"
"11/21/2011","106.70"
"11/20/2011","107.48"
"11/18/2011","107.81"
"11/17/2011","107.74"
"11/16/2011","110.89"
"11/15/2011","112.20"
"11/14/2011","111.27"
"11/13/2011","113.30"
"11/11/2011","112.96"
"11/10/2011","111.90"
"11/9/2011","111.17"
"11/8/2011","115.14"
"11/7/2011","114.88"
"11/6/2011","113.15"
"11/4/2011","112.48"
"11/3/2011","110.83"
"11/2/2011","109.73"
"11/1/2011","109.54"
"10/31/2011","109.19"
"10/30/2011","109.85"
"10/28/2011","110.16"
"10/27/2011","112.35"
"10/26/2011","109.50"
"10/25/2011","111.02"
"10/24/2011","111.20"
"10/23/2011","109.55"
"10/21/2011","109.79"
"10/20/2011","109.93"
"10/9/2011","104.13"
"10/7/2011","105.91"
"10/6/2011","105.40"
"10/5/2011","102.77"
"10/4/2011","101.96"
"10/3/2011","100.69"
"10/2/2011","101.40"
"9/30/2011","102.15"
"9/29/2011","104.26"
"9/28/2011","103.40"
"9/27/2011","107.12"
"9/26/2011","104.94"
"9/25/2011","104.29"
"9/23/2011","104.36"
"9/22/2011","105.19"
"9/21/2011","108.92"
"9/20/2011","110.33"
"9/19/2011","109.55"
"9/18/2011","111.63"
"9/16/2011","111.90"
"9/15/2011","112.25"
"9/14/2011","109.65"
"9/13/2011","109.51"
"9/12/2011","110.74"
"9/11/2011","109.93"
"9/9/2011","110.52"
"9/8/2011","114.10"
"9/7/2011","116.22"
"9/6/2011","113.35"
"9/5/2011","110.08"
"9/4/2011","112.23"
"9/2/2011","112.52"
"9/1/2011","114.20"
"8/31/2011","114.49"
"8/30/2011","114.00"
"8/29/2011","112.31"
"8/28/2011","111.20"
"8/26/2011","111.25"
"8/25/2011","110.48"
"8/24/2011","110.00"
"8/23/2011","109.78"
"8/22/2011","108.50"
"8/21/2011","107.24"
"8/19/2011","109.22"
"8/18/2011","106.69"
"8/17/2011","110.57"
"8/16/2011","109.56"
"8/15/2011","109.78"
"8/14/2011","107.74"
"8/12/2011","107.52"
"8/11/2011","107.85"
"8/10/2011","105.67"
"8/9/2011","104.45"
"8/8/2011","103.78"
"8/7/2011","106.74"
"8/5/2011","109.85"
"8/4/2011","107.66"
"8/3/2011","113.44"
"8/2/2011","115.94"
"8/1/2011","116.74"
"7/31/2011","117.54"
"7/29/2011","116.85"
"7/28/2011","117.21"
"7/27/2011","117.32"
"7/26/2011","118.00"
"7/25/2011","117.63"
"7/24/2011","118.12"
"7/22/2011","118.51"
"7/21/2011","117.78"
"7/20/2011","118.15"
"7/19/2011","117.37"
"7/18/2011","116.40"
"7/17/2011","117.64"
"7/15/2011","117.66"
"7/14/2011","116.60"
"7/13/2011","117.55"
"7/12/2011","116.07"
"7/11/2011","116.37"
"7/10/2011","117.25"
"7/8/2011","118.30"
"7/7/2011","118.30"
"7/6/2011","114.30"
"7/5/2011","113.83"
"7/4/2011","111.45"
"7/3/2011","111.89"
"7/1/2011","111.24"
"6/30/2011","111.80"
"6/29/2011","112.60"
"6/28/2011","108.87"
"6/27/2011","106.67"
"6/26/2011","105.05"
"6/24/2011","105.67"
"6/23/2011","108.61"
"6/22/2011","113.25"
"6/21/2011","110.70"
"6/20/2011","111.58"
"6/19/2011","113.06"
"6/17/2011","113.20"
"6/16/2011","114.02"
"6/15/2011","113.66"
"6/14/2011","119.11"
"6/13/2011","118.08"
"6/12/2011","117.92"
"6/10/2011","117.97"
"6/9/2011","119.10"
"6/8/2011","117.61"
"6/7/2011","117.00"
"6/6/2011","114.19"
"6/5/2011","116.10"
"6/3/2011","116.05"
"6/2/2011","115.89"
"6/1/2011","114.03"
"5/31/2011","116.68"
"5/30/2011","114.54"
"5/27/2011","115.00"
"5/26/2011","114.99"
"5/25/2011","115.00"
"5/24/2011","112.30"
"5/23/2011","109.90"
"5/22/2011","111.90"
"5/20/2011","112.42"
"5/19/2011","111.40"
"5/18/2011","112.30"
"5/17/2011","110.58"
"5/16/2011","110.37"
"5/15/2011","112.57"
"5/13/2011","113.26"
"5/12/2011","112.32"
"5/11/2011","112.30"
"5/10/2011","117.24"
"5/9/2011","115.52"
"5/8/2011","109.65"
"5/6/2011","109.24"
"5/5/2011","110.74"
"5/4/2011","120.64"
"5/3/2011","122.15"
"5/2/2011","124.58"
"5/1/2011","125.39"
"4/29/2011","126.03"
"4/28/2011","124.59"
"4/27/2011","125.47"
"4/26/2011","123.70"
"4/25/2011","123.55"
"4/24/2011","124.23"
"4/21/2011","124.04"
"4/20/2011","123.90"
"4/19/2011","121.29"
"4/18/2011","121.93"
"4/17/2011","123.51"
"4/15/2011","123.73"
"4/14/2011","122.20"
"4/13/2011","122.62"
"4/12/2011","120.70"
"4/11/2011","122.66"
"4/10/2011","126.28"
"4/8/2011","126.90"
"4/7/2011","122.56"
"4/6/2011","122.10"
"4/5/2011","121.60"
"4/4/2011","120.86"
"4/1/2011","119.10"
"3/31/2011","117.17"
"3/30/2011","115.12"
"3/29/2011","115.09"
"3/28/2011","114.76"
"3/27/2011","115.66"
"3/25/2011","116.02"
"3/24/2011","115.75"
"3/23/2011","115.27"
"3/22/2011","116.09"
"3/21/2011","114.60"
"3/20/2011","115.65"
"3/18/2011","114.49"
"3/17/2011","115.00"
"3/16/2011","110.40"
"3/15/2011","108.19"
"3/14/2011","113.86"
"3/11/2011","113.44"
"3/10/2011","115.14"
"3/9/2011","115.99"
"3/8/2011","112.98"
"3/7/2011","114.70"
"3/6/2011","116.35"
"3/4/2011","115.99"
"3/3/2011","114.59"
"3/2/2011","116.48"
"3/1/2011","116.32"
"2/28/2011","112.10"
"2/27/2011","113.88"
"2/25/2011","112.43"
"2/24/2011","111.23"
"2/23/2011","112.21"
"2/22/2011","106.37"
"2/21/2011","108.00"
"2/20/2011","103.35"
"2/18/2011","102.82"
"2/17/2011","102.97"
"2/16/2011","104.29"
"2/15/2011","101.83"
"2/14/2011","102.96"
"2/13/2011","101.55"
"2/11/2011","101.43"
"2/10/2011","101.73"
"2/9/2011","102.02"
"2/8/2011","100.23"
"2/7/2011","99.26"
"2/6/2011","100.35"
"2/4/2011","100.10"
"2/3/2011","101.75"
"2/2/2011","102.35"
"2/1/2011","101.62"
"1/31/2011","100.56"
"1/30/2011","99.81"
"1/28/2011","99.33"
"1/27/2011","97.15"
"1/26/2011","98.20"
"1/25/2011","95.27"
"1/24/2011","96.52"
"1/23/2011","97.55"
"1/21/2011","97.59"
"1/20/2011","96.42"
"1/19/2011","97.95"
"1/18/2011","97.53"
"1/17/2011","97.60"
"1/16/2011","98.42"
"1/14/2011","98.68"
"1/13/2011","98.40"
"1/12/2011","98.33"
"1/11/2011","97.51"
"1/10/2011","95.66"
"1/9/2011","94.25"
"1/7/2011","93.72"
"1/6/2011","94.43"
"1/5/2011","95.54"
"1/3/2011","94.85"
"1/2/2011","94.56"
"12/31/2010","94.59"
"12/30/2010","92.71"
"12/29/2010","94.03"
"12/28/2010","94.21"
"12/27/2010","93.71"
"12/26/2010","93.55"
"12/24/2010","93.46"
"12/23/2010","94.32"
"12/22/2010","93.80"
"12/21/2010","93.50"
"12/20/2010","92.60"
"12/19/2010","91.93"
"12/17/2010","91.75"
"12/16/2010","91.81"
"12/15/2010","91.90"
"12/14/2010","91.48"
"12/13/2010","90.95"
"12/10/2010","90.73"
"12/9/2010","90.97"
"12/8/2010","91.18"
"12/7/2010","90.90"
"12/6/2010","90.99"
"12/5/2010","91.73"
"12/3/2010","91.68"
"12/2/2010","90.64"
"12/1/2010","88.92"
"11/30/2010","85.45"
"11/29/2010","87.45"
"11/28/2010","85.79"
"11/26/2010","85.80"
"11/25/2010","85.91"
"11/24/2010","86.21"
"11/23/2010","83.00"
"11/22/2010","83.73"
"11/21/2010","84.68"
"11/19/2010","84.13"
"11/18/2010","85.35"
"11/17/2010","83.16"
"11/16/2010","84.75"
"11/15/2010","86.54"
"11/14/2010","86.54"
"11/12/2010","86.21"
"11/11/2010","88.72"
"11/10/2010","89.00"
"11/9/2010","87.97"
"11/8/2010","88.22"
"11/7/2010","88.61"
"11/5/2010","88.47"
"11/4/2010","88.13"
"11/3/2010","86.57"
"11/2/2010","85.65"
"11/1/2010","84.59"
"10/31/2010","83.26"
"10/29/2010","83.14"
"10/28/2010","83.55"
"10/27/2010","83.34"
"10/26/2010","83.50"
"10/25/2010","83.38"
"10/24/2010","82.95"
"10/22/2010","82.90"
"10/21/2010","82.04"
"10/20/2010","83.65"
"10/19/2010","80.89"
"10/18/2010","84.34"
"10/17/2010","82.52"
"10/15/2010","82.76"
"10/14/2010","84.02"
"10/13/2010","84.84"
"10/12/2010","83.39"
"10/11/2010","83.46"
"10/10/2010","84.33"
"10/8/2010","84.19"
"10/7/2010","83.11"
"10/6/2010","85.30"
"10/5/2010","84.65"
"10/4/2010","83.30"
"10/3/2010","83.69"
"10/1/2010","83.81"
"9/30/2010","82.11"
"9/29/2010","80.67"
"9/28/2010","78.85"
"9/27/2010","78.14"
"9/26/2010","78.94"
"9/24/2010","78.80"
"9/23/2010","77.93"
"9/22/2010","77.98"
"9/21/2010","78.10"
"9/20/2010","79.36"
"9/19/2010","78.23"
"9/17/2010","77.97"
"9/16/2010","78.47"
"9/15/2010","79.20"
"9/14/2010","79.10"
"9/13/2010","79.19"
"9/11/2010","78.36"
"9/10/2010","78.41"
"9/9/2010","77.21"
"9/8/2010","77.93"
"9/7/2010","77.26"
"9/6/2010","76.87"
"9/5/2010","76.63"
"9/4/2010","76.62"
"9/3/2010","76.57"
"9/2/2010","76.89"
"9/1/2010","76.37"
